2315,Help Center
2720,Grand Valley Entrepreneurs
2721,Food and Agriculture Industries
2910,Central Mountain Entrepreneurs
2986,ExSW Entrepreneurs of the Southwest
2987,SoCo Entrpreneurs
3094,Group Moderators
3132,Northeast Small Biz and Entrepreneurs
3196,Northwest Colorado Entrepreneurs
3492,Roaring Fork Valley Startups
3507,San Luis Valley Entrepreneurs
3550,Outdoor Industry Startups
3671,Rural Entrepreneurial Policy Coalition
4224,Technology Research & Development
4148,Gunnison River Basin Entrepreneurs